PARTICIPANTIDENTIFIER,time,action,p_send
MDH-0000-3900,2024-07-09 20:00:00+00:00,1,0.3597764239058544
MDH-0000-5795,2024-07-09 19:00:00+00:00,0,0.0140882511525755
MDH-0001-5834,2024-07-09 20:00:00+00:00,0,0.015819543778082742
MDH-0008-0746,2024-07-09 19:00:00+00:00,0,0.01839415765976598
MDH-0015-9817,2024-07-09 22:00:00+00:00,0,0.47454741713270526
MDH-0025-5702,2024-07-09 19:00:00+00:00,1,0.8687843098909764
MDH-0025-7530,2024-07-09 19:00:00+00:00,0,0.04840955318652848
MDH-0027-2714,2024-07-09 19:00:00+00:00,0,0.35652929813640105
MDH-0071-9232,2024-07-09 19:00:00+00:00,1,0.40430229480385216
MDH-0084-7389,2024-07-09 19:00:00+00:00,1,0.5978385782783745
MDH-0104-4053,2024-07-09 20:00:00+00:00,0,0.6026040218130528
MDH-0110-2314,2024-07-09 20:00:00+00:00,0,0.333738636626558
MDH-0111-1880,2024-07-09 20:00:00+00:00,0,0.8247188096867984
MDH-0113-9465,2024-07-09 19:00:00+00:00,1,0.9509716414713763
MDH-0116-4225,2024-07-09 19:00:00+00:00,1,0.8386279737701006
MDH-0117-5445,2024-07-09 19:00:00+00:00,1,0.7338427253273716
MDH-0157-0653,2024-07-09 22:00:00+00:00,1,0.8211984075884682
MDH-0164-6819,2024-07-09 22:00:00+00:00,0,0.5439326503065377
MDH-0166-2419,2024-07-09 19:00:00+00:00,0,0.8813597696773836
MDH-0166-6850,2024-07-09 19:00:00+00:00,1,0.7453342486694808
MDH-0174-6319,2024-07-09 20:00:00+00:00,1,0.7969289989591245
MDH-0191-8145,2024-07-09 19:00:00+00:00,0,0.3425539437565161
MDH-0196-3492,2024-07-09 19:00:00+00:00,0,0.5632575110478067
MDH-0250-0322,2024-07-09 19:00:00+00:00,1,0.335870286037513
MDH-0253-5891,2024-07-09 20:00:00+00:00,1,0.5895327456275499
MDH-0259-9386,2024-07-09 19:00:00+00:00,1,0.9614258151260846
MDH-0265-4204,2024-07-09 19:00:00+00:00,0,0.08607230723922332
MDH-0277-8126,2024-07-09 19:00:00+00:00,0,0.01607521036512369
MDH-0292-0375,2024-07-09 19:00:00+00:00,0,0.11833630842318005
MDH-0306-0672,2024-07-09 00:00:00+00:00,0,0.04479895054018564
MDH-0310-4546,2024-07-09 20:00:00+00:00,0,0.4134614260787608
MDH-0355-8174,2024-07-09 19:00:00+00:00,1,0.9107428364900169
MDH-0362-3149,2024-07-09 19:00:00+00:00,1,0.5135231266108227
MDH-0365-3706,2024-07-09 19:00:00+00:00,0,0.03162552583094237
MDH-0373-2528,2024-07-09 19:00:00+00:00,0,0.48980094512379513
MDH-0380-0515,2024-07-09 20:00:00+00:00,0,0.01564872240437276
MDH-0384-4742,2024-07-09 19:00:00+00:00,1,0.33898155672087665
MDH-0387-0178,2024-07-09 19:00:00+00:00,1,0.9006664957019564
MDH-0400-2616,2024-07-09 19:00:00+00:00,1,0.6277343307488613
MDH-0439-4705,2024-07-09 20:00:00+00:00,1,0.35826020397023206
MDH-0456-1935,2024-07-09 19:00:00+00:00,0,0.40929024800003294
MDH-0459-3201,2024-07-09 20:00:00+00:00,1,0.5090058705774526
MDH-0464-5451,2024-07-09 20:00:00+00:00,1,0.9653031540568892
MDH-0469-9844,2024-07-09 19:00:00+00:00,0,0.43640955564352046
MDH-0484-2565,2024-07-09 19:00:00+00:00,1,0.9742304508205578
MDH-0501-3188,2024-07-09 21:00:00+00:00,1,0.8594860570310605
MDH-0502-2932,2024-07-09 19:00:00+00:00,0,0.3216395120138797
MDH-0509-1157,2024-07-09 20:00:00+00:00,1,0.37517554053050267
MDH-0512-8530,2024-07-09 19:00:00+00:00,0,0.508201102229796
MDH-0522-4755,2024-07-09 20:00:00+00:00,0,0.012534264323439402
MDH-0524-6939,2024-07-09 19:00:00+00:00,1,0.9345987184893138
MDH-0531-1007,2024-07-09 19:00:00+00:00,0,0.5618045003586234
MDH-0540-9035,2024-07-09 19:00:00+00:00,1,0.963798056469843
MDH-0543-3371,2024-07-09 19:00:00+00:00,0,0.8651864312030085
MDH-0544-4361,2024-07-09 22:00:00+00:00,1,0.34819235021627004
MDH-0552-1511,2024-07-09 19:00:00+00:00,0,0.07250441344475476
MDH-0576-8775,2024-07-09 19:00:00+00:00,0,0.6770586612711798
MDH-0587-0209,2024-07-09 20:00:00+00:00,1,0.5157588780238953
MDH-0615-1546,2024-07-09 19:00:00+00:00,1,0.6008676525455582
MDH-0630-1960,2024-07-09 19:00:00+00:00,1,0.7577806709300392
MDH-0644-6029,2024-07-09 19:00:00+00:00,1,0.5901773143443338
MDH-0649-7139,2024-07-09 19:00:00+00:00,0,0.18904194524392903
MDH-0655-5549,2024-07-09 21:00:00+00:00,0,0.5253604741844317
MDH-0660-0737,2024-07-09 19:00:00+00:00,1,0.5751813588092534
MDH-0672-3343,2024-07-09 19:00:00+00:00,0,0.04291691888366562
MDH-0675-3111,2024-07-09 20:00:00+00:00,0,0.021898814266635674
MDH-0680-1390,2024-07-09 19:00:00+00:00,0,0.021904350630366977
MDH-0687-9572,2024-07-09 19:00:00+00:00,1,0.5844685447648656
MDH-0691-2169,2024-07-09 00:00:00+00:00,1,0.34646628992894885
MDH-0699-5273,2024-07-09 19:00:00+00:00,0,0.4643492514762627
MDH-0733-7690,2024-07-09 19:00:00+00:00,0,0.775685430367067
MDH-0750-9951,2024-07-09 19:00:00+00:00,0,0.05448728833203324
MDH-0783-0736,2024-07-09 20:00:00+00:00,1,0.9069633469807401
MDH-0785-1866,2024-07-09 19:00:00+00:00,0,0.031773802377819106
MDH-0788-7071,2024-07-09 20:00:00+00:00,1,0.8035091390933424
MDH-0788-9544,2024-07-09 19:00:00+00:00,1,0.5017880827746866
MDH-0834-1219,2024-07-09 19:00:00+00:00,1,0.4111500106430442
MDH-0857-4646,2024-07-09 19:00:00+00:00,1,0.3827631047636004
MDH-0866-2449,2024-07-09 20:00:00+00:00,0,0.35745645282140703
MDH-0871-7466,2024-07-09 19:00:00+00:00,1,0.5600867389346978
MDH-0893-9206,2024-07-09 21:00:00+00:00,0,0.6309540458864625
MDH-0911-1250,2024-07-09 19:00:00+00:00,1,0.8602928378484582
MDH-0912-0396,2024-07-09 19:00:00+00:00,0,0.10564300973758473
MDH-0939-4930,2024-07-09 20:00:00+00:00,0,0.33444906920176176
MDH-0942-2205,2024-07-09 20:00:00+00:00,0,0.3316614431237006
MDH-0961-9384,2024-07-09 19:00:00+00:00,0,0.025791257731031674
MDH-0971-0572,2024-07-09 22:00:00+00:00,0,0.4649283712937499
MDH-0975-3050,2024-07-09 20:00:00+00:00,1,0.8112427046099588
MDH-0977-6746,2024-07-09 19:00:00+00:00,1,0.8137653431711176
MDH-0977-9342,2024-07-09 19:00:00+00:00,1,0.39612691007468526
MDH-0986-8321,2024-07-09 20:00:00+00:00,1,0.7432444881713094
MDH-0990-4477,2024-07-09 19:00:00+00:00,1,0.5579485446278485
MDH-1004-4825,2024-07-09 22:00:00+00:00,0,0.013505434650094754
MDH-1017-4596,2024-07-09 22:00:00+00:00,1,0.6244286723779879
MDH-1020-2121,2024-07-09 22:00:00+00:00,0,0.6357255199535109
MDH-1020-2982,2024-07-09 20:00:00+00:00,0,0.4165638183919116
MDH-1038-8890,2024-07-09 19:00:00+00:00,0,0.7416619816918848
MDH-1042-1368,2024-07-09 19:00:00+00:00,0,0.33874928169999985
MDH-1058-5917,2024-07-09 19:00:00+00:00,0,0.5088358042032037
MDH-1072-8823,2024-07-09 19:00:00+00:00,0,0.5158320541382924
MDH-1082-6404,2024-07-09 19:00:00+00:00,1,0.8013361995282597
MDH-1089-3562,2024-07-09 20:00:00+00:00,1,0.6285408098188985
MDH-1092-0136,2024-07-09 19:00:00+00:00,1,0.34711724199861327
MDH-1101-8818,2024-07-09 19:00:00+00:00,0,0.8147379954152261
MDH-1103-3825,2024-07-09 22:00:00+00:00,1,0.5820101981888975
MDH-1106-6467,2024-07-09 19:00:00+00:00,0,0.3721292327326233
MDH-1120-5351,2024-07-09 22:00:00+00:00,0,0.3602741903777325
MDH-1120-6728,2024-07-09 20:00:00+00:00,0,0.4571667717024641
MDH-1158-0752,2024-07-09 19:00:00+00:00,0,0.040558069504647666
MDH-1164-2003,2024-07-09 22:00:00+00:00,0,0.48595307013207045
MDH-1174-3950,2024-07-09 19:00:00+00:00,1,0.04859983577117692
MDH-1177-1083,2024-07-09 19:00:00+00:00,0,0.7164042423423707
MDH-1179-2340,2024-07-09 19:00:00+00:00,0,0.06815480355466777
MDH-1201-9926,2024-07-09 19:00:00+00:00,1,0.9019530839576451
MDH-1204-9411,2024-07-09 19:00:00+00:00,1,0.9702104937281617
MDH-1220-7202,2024-07-09 19:00:00+00:00,0,0.3901603254648152
MDH-1282-5919,2024-07-09 22:00:00+00:00,1,0.5176961206955653
MDH-1292-8365,2024-07-09 19:00:00+00:00,0,0.028826105177523566
MDH-1315-6536,2024-07-09 19:00:00+00:00,0,0.014936359640899975
MDH-1317-3788,2024-07-09 19:00:00+00:00,0,0.017381184036772808
MDH-1341-6203,2024-07-09 19:00:00+00:00,0,0.34176416678074373
MDH-1351-9981,2024-07-09 20:00:00+00:00,0,0.06934263115839763
MDH-1360-8238,2024-07-09 19:00:00+00:00,0,0.5131981873334932
MDH-1371-3834,2024-07-09 20:00:00+00:00,0,0.3788663653082025
MDH-1382-4114,2024-07-09 19:00:00+00:00,0,0.5936076140862593
MDH-1430-1456,2024-07-09 22:00:00+00:00,1,0.49547266798691975
MDH-1435-4530,2024-07-09 19:00:00+00:00,1,0.41808413059179084
MDH-1451-0255,2024-07-09 19:00:00+00:00,0,0.020149948070616135
MDH-1452-1129,2024-07-09 19:00:00+00:00,0,0.013741961174944877
MDH-1457-9322,2024-07-09 19:00:00+00:00,0,0.13024084132834696
MDH-1482-0911,2024-07-09 19:00:00+00:00,1,0.7039708704279631
MDH-1484-9448,2024-07-09 20:00:00+00:00,0,0.34775627424171773
MDH-1514-1667,2024-07-09 20:00:00+00:00,1,0.8246347112541863
MDH-1546-4868,2024-07-09 22:00:00+00:00,1,0.5893914977312915
MDH-1561-4075,2024-07-09 19:00:00+00:00,1,0.7967004101963102
MDH-1584-0741,2024-07-09 20:00:00+00:00,1,0.9208117129750264
MDH-1599-4486,2024-07-09 22:00:00+00:00,1,0.3570410185806018
MDH-1607-3705,2024-07-09 19:00:00+00:00,1,0.8149375212644069
MDH-1607-7571,2024-07-09 19:00:00+00:00,1,0.6264970117845285
MDH-1617-6688,2024-07-09 19:00:00+00:00,1,0.5247319464133682
MDH-1625-9274,2024-07-09 19:00:00+00:00,0,0.014787210630390395
MDH-1634-2588,2024-07-09 20:00:00+00:00,0,0.02679402206725482
MDH-1637-8897,2024-07-09 19:00:00+00:00,0,0.024367062028799222
MDH-1641-4193,2024-07-09 19:00:00+00:00,1,0.49540692239054945
MDH-1646-8659,2024-07-09 22:00:00+00:00,1,0.6642856350396814
MDH-1661-6511,2024-07-09 20:00:00+00:00,0,0.6386695114064325
MDH-1674-4566,2024-07-09 20:00:00+00:00,0,0.5536815326600287
MDH-1685-7915,2024-07-09 19:00:00+00:00,1,0.668551734508443
MDH-1694-0906,2024-07-09 19:00:00+00:00,0,0.598958930231243
MDH-1704-4827,2024-07-09 21:00:00+00:00,1,0.3970095414240446
MDH-1707-6599,2024-07-09 19:00:00+00:00,0,0.3933858989546224
MDH-1711-6140,2024-07-09 19:00:00+00:00,0,0.6745819958830921
MDH-1714-1708,2024-07-09 20:00:00+00:00,1,0.9759657673950529
MDH-1716-1033,2024-07-09 22:00:00+00:00,0,0.018429000091419984
MDH-1731-2612,2024-07-09 19:00:00+00:00,0,0.030921594263521437
MDH-1744-5008,2024-07-09 19:00:00+00:00,1,0.5393990930566197
MDH-1778-2695,2024-07-09 19:00:00+00:00,1,0.5367847859225949
MDH-1797-8868,2024-07-09 20:00:00+00:00,0,0.1328081269670086
MDH-1809-1250,2024-07-09 19:00:00+00:00,0,0.5563820227838356
MDH-1818-3582,2024-07-09 19:00:00+00:00,0,0.015045145734765874
MDH-1823-1289,2024-07-09 21:00:00+00:00,1,0.6921063696218678
MDH-1831-1828,2024-07-09 19:00:00+00:00,1,0.9100403906548477
MDH-1838-2675,2024-07-09 19:00:00+00:00,0,0.3411750580180237
MDH-1843-7296,2024-07-09 20:00:00+00:00,1,0.8245925944837391
MDH-1860-6526,2024-07-09 19:00:00+00:00,0,0.31208815727963457
MDH-1882-2443,2024-07-09 19:00:00+00:00,0,0.6382082371238909
MDH-1931-6705,2024-07-09 20:00:00+00:00,0,0.013708129446441878
MDH-1978-9140,2024-07-09 19:00:00+00:00,1,0.31873733558347195
MDH-2002-2265,2024-07-09 19:00:00+00:00,0,0.5950295404014587
MDH-2014-1370,2024-07-09 19:00:00+00:00,1,0.7820933540569428
MDH-2015-2873,2024-07-09 19:00:00+00:00,0,0.09243185106945379
MDH-2016-9170,2024-07-09 22:00:00+00:00,0,0.040032758145633215
MDH-2029-7974,2024-07-09 19:00:00+00:00,1,0.6900144951385574
MDH-2037-1877,2024-07-09 19:00:00+00:00,0,0.01266758444807223
MDH-2065-1200,2024-07-09 19:00:00+00:00,0,0.9178114999320396
MDH-2070-0442,2024-07-09 19:00:00+00:00,0,0.34875694168863114
MDH-2084-3624,2024-07-09 19:00:00+00:00,0,0.04420308306613247
MDH-2094-6063,2024-07-09 19:00:00+00:00,0,0.021890910521886103
MDH-2136-2690,2024-07-09 19:00:00+00:00,0,0.35602211691306285
MDH-2139-6518,2024-07-09 21:00:00+00:00,1,0.8207630761676348
MDH-2162-4356,2024-07-09 19:00:00+00:00,1,0.5572033422325302
MDH-2168-8241,2024-07-09 22:00:00+00:00,1,0.6325819179550098
MDH-2191-8457,2024-07-09 20:00:00+00:00,1,0.596895868311064
MDH-2195-4319,2024-07-09 19:00:00+00:00,0,0.02370144957156381
MDH-2212-5475,2024-07-09 19:00:00+00:00,1,0.6330664464024942
MDH-2228-6177,2024-07-09 19:00:00+00:00,0,0.39957744649552307
MDH-2239-8283,2024-07-09 20:00:00+00:00,0,0.028471096233484452
MDH-2241-8735,2024-07-09 20:00:00+00:00,0,0.6285292431957642
MDH-2282-1587,2024-07-09 20:00:00+00:00,0,0.03595737268880653
MDH-2288-6851,2024-07-09 19:00:00+00:00,1,0.511791766527249
MDH-2318-3113,2024-07-09 19:00:00+00:00,0,0.10040778284990892
MDH-2332-1543,2024-07-09 19:00:00+00:00,1,0.8871777084356847
MDH-2333-0914,2024-07-09 19:00:00+00:00,0,0.5176014342880638
MDH-2334-5092,2024-07-09 20:00:00+00:00,1,0.09815975668429272
MDH-2353-8715,2024-07-09 19:00:00+00:00,0,0.04432817485769676
MDH-2354-5853,2024-07-09 20:00:00+00:00,1,0.677804133031031
MDH-2357-1486,2024-07-09 19:00:00+00:00,1,0.9195840127207288
MDH-2358-9652,2024-07-09 19:00:00+00:00,0,0.024913916040152504
MDH-2367-3017,2024-07-09 19:00:00+00:00,1,0.8399532321389784
MDH-2369-7095,2024-07-09 19:00:00+00:00,1,0.9686178233696108
MDH-2403-4970,2024-07-09 19:00:00+00:00,1,0.6275257329751691
MDH-2404-1337,2024-07-09 19:00:00+00:00,1,0.6907464005607061
MDH-2405-4517,2024-07-09 20:00:00+00:00,0,0.48087522022870394
MDH-2436-7786,2024-07-09 19:00:00+00:00,1,0.3424591101124562
MDH-2453-5358,2024-07-09 19:00:00+00:00,0,0.5422104860608121
MDH-2478-6299,2024-07-09 19:00:00+00:00,1,0.5736389048384506
MDH-2479-7388,2024-07-09 20:00:00+00:00,1,0.6666993030132219
MDH-2486-7517,2024-07-09 19:00:00+00:00,0,0.39248609781813676
MDH-2493-0062,2024-07-09 19:00:00+00:00,1,0.9107578176771084
MDH-2501-0855,2024-07-09 22:00:00+00:00,0,0.047221020361328934
MDH-2507-1577,2024-07-09 19:00:00+00:00,1,0.6731523915853074
MDH-2522-0261,2024-07-09 19:00:00+00:00,0,0.8574966261126147
MDH-2526-2870,2024-07-09 19:00:00+00:00,0,0.7361086697180629
MDH-2534-6423,2024-07-09 19:00:00+00:00,1,0.6893386154390165
MDH-2538-0348,2024-07-09 20:00:00+00:00,0,0.5751120875678178
MDH-2539-3631,2024-07-09 19:00:00+00:00,0,0.4251800004427305
MDH-2556-0716,2024-07-09 19:00:00+00:00,1,0.9662163490597283
MDH-2607-7244,2024-07-09 20:00:00+00:00,1,0.6596162237544017
MDH-2609-9894,2024-07-09 19:00:00+00:00,1,0.5407723575752285
MDH-2630-3392,2024-07-09 19:00:00+00:00,0,0.5352025723310808
MDH-2638-0309,2024-07-09 19:00:00+00:00,1,0.6799760212139956
MDH-2638-4207,2024-07-09 19:00:00+00:00,0,0.8317750281155019
MDH-2639-3797,2024-07-09 19:00:00+00:00,1,0.48779381425344803
MDH-2645-2783,2024-07-09 20:00:00+00:00,0,0.5184968226391755
MDH-2654-8402,2024-07-09 19:00:00+00:00,1,0.333609709428629
MDH-2661-4003,2024-07-09 22:00:00+00:00,0,0.34634808163236297
MDH-2663-0102,2024-07-09 19:00:00+00:00,1,0.6632195627766245
MDH-2663-3312,2024-07-09 19:00:00+00:00,1,0.9187505947234961
MDH-2675-4695,2024-07-09 19:00:00+00:00,1,0.7787695350029661
MDH-2686-6066,2024-07-09 22:00:00+00:00,0,0.22719414366247226
MDH-2691-4654,2024-07-09 19:00:00+00:00,0,0.8561729456683013
MDH-2698-8073,2024-07-09 19:00:00+00:00,0,0.014565853313366791
MDH-2704-9007,2024-07-09 19:00:00+00:00,0,0.11528504721963273
MDH-2704-9429,2024-07-09 22:00:00+00:00,0,0.7169448989251649
MDH-2716-8964,2024-07-09 20:00:00+00:00,0,0.02305562135754409
MDH-2719-3040,2024-07-09 19:00:00+00:00,0,0.021267840695539632
MDH-2765-6937,2024-07-09 19:00:00+00:00,0,0.6779258640713304
MDH-2771-8629,2024-07-09 19:00:00+00:00,1,0.9798288818419787
MDH-2777-1559,2024-07-09 20:00:00+00:00,1,0.7022119797636653
MDH-2779-2579,2024-07-09 20:00:00+00:00,1,0.89743308122018
MDH-2801-5040,2024-07-09 22:00:00+00:00,1,0.7284374789079551
MDH-2803-3877,2024-07-09 19:00:00+00:00,1,0.43640955564352046
MDH-2813-9696,2024-07-09 19:00:00+00:00,1,0.5173012897111564
MDH-2820-6590,2024-07-09 19:00:00+00:00,1,0.9613048837103642
MDH-2856-8783,2024-07-09 19:00:00+00:00,0,0.02188610731346928
MDH-2883-9326,2024-07-09 20:00:00+00:00,0,0.013121706593299679
MDH-2896-4884,2024-07-09 19:00:00+00:00,0,0.052479260501545506
MDH-2928-7539,2024-07-09 20:00:00+00:00,0,0.012720250674271094
MDH-2932-3978,2024-07-09 19:00:00+00:00,1,0.97778326209396
MDH-2940-4522,2024-07-09 19:00:00+00:00,0,0.02103394459948044
MDH-2943-5205,2024-07-09 22:00:00+00:00,0,0.014197252600859802
MDH-2965-0308,2024-07-09 21:00:00+00:00,1,0.7012619857388142
MDH-2980-6456,2024-07-09 19:00:00+00:00,1,0.019819898439605976
MDH-2980-6915,2024-07-09 20:00:00+00:00,0,0.015925217445178393
MDH-2983-0349,2024-07-09 22:00:00+00:00,0,0.028901309053730454
MDH-2993-3254,2024-07-09 20:00:00+00:00,1,0.7571438301225707
MDH-3000-2152,2024-07-09 19:00:00+00:00,1,0.6885826504718047
MDH-3012-9700,2024-07-09 19:00:00+00:00,1,0.4850225713303025
MDH-3018-3901,2024-07-09 22:00:00+00:00,0,0.03407386044726641
MDH-3032-3269,2024-07-09 19:00:00+00:00,1,0.5755774713774644
MDH-3060-1880,2024-07-09 19:00:00+00:00,0,0.014525716877394608
MDH-3138-8480,2024-07-09 21:00:00+00:00,0,0.36643223523404334
MDH-3144-5801,2024-07-09 19:00:00+00:00,0,0.014412012848237
MDH-3152-3946,2024-07-09 19:00:00+00:00,1,0.9546502212577207
MDH-3161-5136,2024-07-09 19:00:00+00:00,0,0.36986081310862773
MDH-3190-1127,2024-07-09 20:00:00+00:00,0,0.7004712237936659
MDH-3197-1484,2024-07-09 22:00:00+00:00,1,0.6315451502003927
MDH-3203-6573,2024-07-09 22:00:00+00:00,0,0.01789000026844016
MDH-3204-1664,2024-07-09 19:00:00+00:00,1,0.7502685237051012
MDH-3228-9106,2024-07-09 19:00:00+00:00,1,0.7027307572307876
MDH-3242-3291,2024-07-09 20:00:00+00:00,0,0.33736158612364076
MDH-3247-0483,2024-07-09 19:00:00+00:00,1,0.9744731483158457
MDH-3266-0803,2024-07-09 22:00:00+00:00,0,0.04185543271687639
MDH-3268-1477,2024-07-09 22:00:00+00:00,1,0.45309283361748615
MDH-3269-7166,2024-07-09 19:00:00+00:00,0,0.532370584296288
MDH-3289-4827,2024-07-09 19:00:00+00:00,1,0.37609678277025826
MDH-3300-3659,2024-07-09 19:00:00+00:00,0,0.019701173838071177
MDH-3321-6335,2024-07-09 20:00:00+00:00,1,0.5821080170091849
MDH-3375-2507,2024-07-09 20:00:00+00:00,1,0.6496562969846073
MDH-3378-3163,2024-07-09 19:00:00+00:00,1,0.4504147927546933
MDH-3433-6338,2024-07-09 20:00:00+00:00,0,0.6956357468231124
MDH-3436-1451,2024-07-09 19:00:00+00:00,0,0.1205600859280962
MDH-3440-5565,2024-07-09 19:00:00+00:00,1,0.6588852445408664
MDH-3459-9362,2024-07-09 19:00:00+00:00,1,0.6750727959521334
MDH-3461-9284,2024-07-09 19:00:00+00:00,1,0.8869959730805388
MDH-3463-9558,2024-07-09 19:00:00+00:00,0,0.015561817738860723
MDH-3463-9946,2024-07-09 20:00:00+00:00,1,0.36811737277001066
MDH-3479-5143,2024-07-09 19:00:00+00:00,0,0.6537264771368652
MDH-3484-4233,2024-07-09 19:00:00+00:00,0,0.06395030309053287
MDH-3488-8444,2024-07-09 19:00:00+00:00,0,0.3386717248361037
MDH-3491-0267,2024-07-09 20:00:00+00:00,1,0.22177537728878777
MDH-3491-1168,2024-07-09 20:00:00+00:00,0,0.7548387977034283
MDH-3521-4535,2024-07-09 20:00:00+00:00,0,0.0368055925612768
MDH-3527-9587,2024-07-09 19:00:00+00:00,1,0.34858547496619785
MDH-3531-4796,2024-07-09 19:00:00+00:00,0,0.05200848142934354
MDH-3534-8156,2024-07-09 20:00:00+00:00,1,0.5852833700875983
MDH-3559-4276,2024-07-09 19:00:00+00:00,1,0.5918721113821158
MDH-3566-2483,2024-07-09 19:00:00+00:00,0,0.025528903872517453
MDH-3580-3134,2024-07-09 19:00:00+00:00,1,0.9606723679057769
MDH-3586-6991,2024-07-09 20:00:00+00:00,1,0.870035923588325
MDH-3593-7195,2024-07-09 19:00:00+00:00,0,0.42986489273560924
MDH-3601-7021,2024-07-09 20:00:00+00:00,0,0.022314104228616783
MDH-3605-0648,2024-07-09 19:00:00+00:00,0,0.1273292830129425
MDH-3608-0631,2024-07-09 20:00:00+00:00,1,0.5752268156037232
MDH-3614-0409,2024-07-09 19:00:00+00:00,0,0.01367875992685643
MDH-3621-9799,2024-07-09 19:00:00+00:00,0,0.02727776176999726
MDH-3628-9684,2024-07-09 19:00:00+00:00,0,0.6910238208586647
MDH-3633-8042,2024-07-09 19:00:00+00:00,0,0.33946331991296996
MDH-3641-8762,2024-07-09 20:00:00+00:00,1,0.8482149106519556
MDH-3652-1236,2024-07-09 19:00:00+00:00,0,0.02296669317065545
MDH-3654-0677,2024-07-09 19:00:00+00:00,0,0.05152226337400943
MDH-3675-8600,2024-07-09 19:00:00+00:00,1,0.7234933372501715
MDH-3690-5068,2024-07-09 19:00:00+00:00,0,0.4625446379663709
MDH-3710-0527,2024-07-09 19:00:00+00:00,0,0.659118184946791
MDH-3740-5138,2024-07-09 20:00:00+00:00,1,0.5843487474325497
MDH-3745-0945,2024-07-09 19:00:00+00:00,0,0.013354275947513258
MDH-3812-2498,2024-07-09 19:00:00+00:00,0,0.63326296590488
MDH-3814-8248,2024-07-09 22:00:00+00:00,0,0.6220141395463573
MDH-3817-8628,2024-07-09 19:00:00+00:00,1,0.8334032816552566
MDH-3870-1635,2024-07-09 20:00:00+00:00,1,0.332221932405273
MDH-3877-3590,2024-07-09 19:00:00+00:00,1,0.613256752600355
MDH-3881-7785,2024-07-09 19:00:00+00:00,1,0.06594474968864333
MDH-3893-6586,2024-07-09 22:00:00+00:00,0,0.3720861830331609
MDH-3897-9019,2024-07-09 19:00:00+00:00,0,0.08999822469043817
MDH-3898-2987,2024-07-09 20:00:00+00:00,0,0.01941000105561696
MDH-3904-2011,2024-07-09 20:00:00+00:00,0,0.37714177066583154
MDH-3945-1216,2024-07-09 19:00:00+00:00,1,0.8919944250094802
MDH-3968-1723,2024-07-09 19:00:00+00:00,0,0.493585091685838
MDH-3970-6370,2024-07-09 20:00:00+00:00,1,0.3352094568148348
MDH-3995-4544,2024-07-09 19:00:00+00:00,1,0.5572566825006116
MDH-4007-4053,2024-07-09 19:00:00+00:00,1,0.8327773628772533
MDH-4008-6948,2024-07-09 20:00:00+00:00,0,0.3550492126724716
MDH-4011-4820,2024-07-09 20:00:00+00:00,1,0.6325874081496795
MDH-4030-7621,2024-07-09 21:00:00+00:00,0,0.6074461301803243
MDH-4035-1134,2024-07-09 19:00:00+00:00,1,0.6819359604516876
MDH-4045-5565,2024-07-09 19:00:00+00:00,0,0.3375722995788125
MDH-4048-4070,2024-07-09 19:00:00+00:00,0,0.0538018457665798
MDH-4055-8587,2024-07-09 19:00:00+00:00,1,0.654826597163361
MDH-4078-9953,2024-07-09 19:00:00+00:00,1,0.8792648289760785
MDH-4137-4888,2024-07-09 19:00:00+00:00,0,0.02279464184149765
MDH-4143-2988,2024-07-09 20:00:00+00:00,0,0.33915522076137783
MDH-4147-1035,2024-07-09 19:00:00+00:00,0,0.014170170567532881
MDH-4149-0181,2024-07-09 20:00:00+00:00,1,0.8272118305412588
MDH-4151-4294,2024-07-09 20:00:00+00:00,1,0.6729070531765494
MDH-4158-8436,2024-07-09 19:00:00+00:00,0,0.1282355565464568
MDH-4177-1143,2024-07-09 20:00:00+00:00,1,0.5066254342062176
MDH-4186-9916,2024-07-09 19:00:00+00:00,1,0.8332915588411922
MDH-4211-6649,2024-07-09 22:00:00+00:00,1,0.8492163541283354
MDH-4226-6309,2024-07-09 19:00:00+00:00,0,0.5010435210470484
MDH-4235-8718,2024-07-09 20:00:00+00:00,0,0.3364247513141658
MDH-4262-5950,2024-07-09 19:00:00+00:00,1,0.7278985693196044
MDH-4278-2225,2024-07-09 19:00:00+00:00,0,0.1573503173197709
MDH-4291-3662,2024-07-09 19:00:00+00:00,0,0.6105516504451678
MDH-4294-8860,2024-07-09 19:00:00+00:00,0,0.014143728503714105
MDH-4295-7407,2024-07-09 19:00:00+00:00,1,0.6618960255426456
MDH-4296-3822,2024-07-09 19:00:00+00:00,0,0.014596358037485364
MDH-4297-1255,2024-07-09 20:00:00+00:00,0,0.014668521231890275
MDH-4345-3118,2024-07-09 19:00:00+00:00,0,0.027055399055140508
MDH-4355-0622,2024-07-09 20:00:00+00:00,1,0.7969704693481847
MDH-4360-5064,2024-07-09 19:00:00+00:00,0,0.11028110056215995
MDH-4364-7070,2024-07-09 19:00:00+00:00,1,0.9799087616328688
MDH-4386-8310,2024-07-09 20:00:00+00:00,0,0.6143708987285361
MDH-4389-6490,2024-07-09 19:00:00+00:00,0,0.3693703269598615
MDH-4393-6320,2024-07-09 19:00:00+00:00,0,0.044898299633251655
MDH-4424-4360,2024-07-09 19:00:00+00:00,1,0.42659829906063335
MDH-4445-0799,2024-07-09 20:00:00+00:00,0,0.4909113155656858
MDH-4447-4984,2024-07-09 19:00:00+00:00,1,0.522485648451901
MDH-4468-1392,2024-07-09 19:00:00+00:00,0,0.17897573211981244
MDH-4477-3172,2024-07-09 20:00:00+00:00,0,0.472995038123701
MDH-4480-8144,2024-07-09 22:00:00+00:00,1,0.9475690295799237
MDH-4484-7694,2024-07-09 19:00:00+00:00,1,0.4912654387852158
MDH-4501-4097,2024-07-09 19:00:00+00:00,0,0.358775934527768
MDH-4511-5493,2024-07-09 19:00:00+00:00,1,0.9567268096727378
MDH-4520-6476,2024-07-09 20:00:00+00:00,0,0.9336227385182675
MDH-4544-9098,2024-07-09 19:00:00+00:00,0,0.6303739305060672
MDH-4549-9241,2024-07-09 22:00:00+00:00,0,0.7302657306315087
MDH-4552-5469,2024-07-09 19:00:00+00:00,1,0.7851186683787963
MDH-4557-4663,2024-07-09 19:00:00+00:00,1,0.699613394916149
MDH-4560-3991,2024-07-09 19:00:00+00:00,1,0.6715453504014008
MDH-4563-4919,2024-07-09 19:00:00+00:00,0,0.44944967680604836
MDH-4593-0500,2024-07-09 19:00:00+00:00,0,0.4151817467629297
MDH-4597-9703,2024-07-09 19:00:00+00:00,1,0.8143856072569848
MDH-4622-5163,2024-07-09 20:00:00+00:00,0,0.2930783169757729
MDH-4626-6373,2024-07-09 22:00:00+00:00,1,0.9589744654494993
MDH-4628-8215,2024-07-09 19:00:00+00:00,0,0.3978778808271885
MDH-4640-6458,2024-07-09 19:00:00+00:00,1,0.9837856119121086
MDH-4670-5782,2024-07-09 19:00:00+00:00,1,0.6377168262002654
MDH-4682-3344,2024-07-09 19:00:00+00:00,0,0.5057099852468787
MDH-4695-2337,2024-07-09 22:00:00+00:00,0,0.07831165920468167
MDH-4697-2418,2024-07-09 20:00:00+00:00,1,0.8938798742634901
MDH-4709-6501,2024-07-09 19:00:00+00:00,0,0.026771024505686594
MDH-4722-9067,2024-07-09 19:00:00+00:00,1,0.7746706986298144
MDH-4760-5373,2024-07-09 20:00:00+00:00,1,0.6067029896841052
MDH-4771-2857,2024-07-09 20:00:00+00:00,1,0.9287431254815606
MDH-4803-4549,2024-07-09 19:00:00+00:00,0,0.06831330293848795
MDH-4815-8696,2024-07-09 19:00:00+00:00,1,0.755521664894699
MDH-4819-8563,2024-07-09 19:00:00+00:00,0,0.01914996632381061
MDH-4823-4292,2024-07-09 22:00:00+00:00,0,0.6073318927904874
MDH-4839-0215,2024-07-09 19:00:00+00:00,0,0.5103468453971319
MDH-4841-1238,2024-07-09 22:00:00+00:00,0,0.3426630064998835
MDH-4841-8110,2024-07-09 20:00:00+00:00,1,0.4978111818055456
MDH-4845-9607,2024-07-09 20:00:00+00:00,0,0.3462401034500271
MDH-4872-7412,2024-07-09 19:00:00+00:00,1,0.9535306815603701
MDH-4875-4896,2024-07-09 20:00:00+00:00,1,0.9749673804974976
MDH-4898-6891,2024-07-09 20:00:00+00:00,1,0.3399450144263212
MDH-4960-0653,2024-07-09 19:00:00+00:00,1,0.43640955564352046
MDH-4961-0859,2024-07-09 19:00:00+00:00,0,0.6929961948855421
MDH-4987-9279,2024-07-09 19:00:00+00:00,1,0.747999818263064
MDH-4989-2911,2024-07-09 20:00:00+00:00,1,0.7720516390811827
MDH-4999-4008,2024-07-09 19:00:00+00:00,1,0.7521034171161787
MDH-5001-4876,2024-07-09 21:00:00+00:00,1,0.5575762233163668
MDH-5009-2979,2024-07-09 00:00:00+00:00,0,0.3587701595750749
MDH-5010-8839,2024-07-09 19:00:00+00:00,0,0.41283074576985884
MDH-5011-0204,2024-07-09 19:00:00+00:00,0,0.7352375036154876
MDH-5012-3101,2024-07-09 19:00:00+00:00,0,0.6058740329123822
MDH-5041-5530,2024-07-09 19:00:00+00:00,1,0.9665210053688522
MDH-5044-1913,2024-07-09 19:00:00+00:00,1,0.7193732268202326
MDH-5062-4254,2024-07-09 19:00:00+00:00,1,0.4097369591860372
MDH-5081-5630,2024-07-09 19:00:00+00:00,0,0.08021175298393768
MDH-5105-6092,2024-07-09 19:00:00+00:00,0,0.18832160222441358
MDH-5116-1106,2024-07-09 19:00:00+00:00,1,0.7662671331586856
MDH-5132-8873,2024-07-09 19:00:00+00:00,0,0.014613561130419296
MDH-5133-0664,2024-07-09 20:00:00+00:00,1,0.6366352249269017
MDH-5149-1019,2024-07-09 20:00:00+00:00,1,0.3710526314005382
MDH-5152-2771,2024-07-09 19:00:00+00:00,1,0.6518317494960486
MDH-5221-6193,2024-07-09 19:00:00+00:00,0,0.020228068595069343
MDH-5234-3309,2024-07-09 20:00:00+00:00,0,0.8579777126980317
MDH-5242-6152,2024-07-09 20:00:00+00:00,1,0.9768295471276043
MDH-5244-6149,2024-07-09 19:00:00+00:00,0,0.027177293986741007
MDH-5244-7875,2024-07-09 22:00:00+00:00,1,0.10355228682591427
MDH-5252-6307,2024-07-09 19:00:00+00:00,1,0.6364299425736585
MDH-5262-1457,2024-07-09 19:00:00+00:00,0,0.04013204202446286
MDH-5275-4113,2024-07-09 19:00:00+00:00,0,0.02360634459353314
MDH-5277-7936,2024-07-09 19:00:00+00:00,0,0.03757462318818946
MDH-5303-8317,2024-07-09 20:00:00+00:00,0,0.3407898538496631
MDH-5311-0182,2024-07-09 19:00:00+00:00,0,0.030086164576719504
MDH-5312-6366,2024-07-09 19:00:00+00:00,1,0.3417948246722564
MDH-5314-3350,2024-07-09 20:00:00+00:00,0,0.336756346332776
MDH-5316-9209,2024-07-09 19:00:00+00:00,1,0.5771857954473602
MDH-5325-4602,2024-07-09 20:00:00+00:00,1,0.9149262697702343
MDH-5341-4814,2024-07-09 20:00:00+00:00,1,0.9261220808904023
MDH-5343-5104,2024-07-09 19:00:00+00:00,1,0.9149133391410998
MDH-5357-8001,2024-07-09 19:00:00+00:00,0,0.015740335258611557
MDH-5375-2375,2024-07-09 19:00:00+00:00,1,0.882540314257009
MDH-5386-1155,2024-07-09 19:00:00+00:00,0,0.8362622310183343
MDH-5400-3291,2024-07-09 20:00:00+00:00,0,0.02985261847885648
MDH-5404-0006,2024-07-09 19:00:00+00:00,1,0.34124954398508384
MDH-5411-2087,2024-07-09 22:00:00+00:00,0,0.36235248784628366
MDH-5417-4671,2024-07-09 19:00:00+00:00,1,0.6487891365668658
MDH-5420-3630,2024-07-09 19:00:00+00:00,0,0.037263646708999384
MDH-5422-6216,2024-07-09 19:00:00+00:00,0,0.5549542964326987
MDH-5441-1901,2024-07-09 01:00:00+00:00,0,0.33540487793719365
MDH-5442-6652,2024-07-09 19:00:00+00:00,1,0.7540666537784461
MDH-5456-4870,2024-07-09 22:00:00+00:00,1,0.590196231579356
MDH-5462-7335,2024-07-09 19:00:00+00:00,1,0.02649487118326795
MDH-5496-4286,2024-07-09 19:00:00+00:00,1,0.8147303335171847
MDH-5503-1678,2024-07-09 20:00:00+00:00,1,0.8783956230047283
MDH-5510-3078,2024-07-09 19:00:00+00:00,0,0.3419286522492735
MDH-5521-2598,2024-07-09 19:00:00+00:00,0,0.11480344955999933
MDH-5522-7784,2024-07-09 19:00:00+00:00,0,0.5498303547358124
MDH-5542-4628,2024-07-09 19:00:00+00:00,0,0.5593278202638674
MDH-5544-2048,2024-07-09 22:00:00+00:00,0,0.024166931967988466
MDH-5555-8815,2024-07-09 22:00:00+00:00,0,0.015100915707142188
MDH-5561-5204,2024-07-09 21:00:00+00:00,0,0.014300118424607551
MDH-5584-7649,2024-07-09 20:00:00+00:00,1,0.3905875875682184
MDH-5589-6535,2024-07-09 19:00:00+00:00,0,0.03157607610184176
MDH-5600-4368,2024-07-09 19:00:00+00:00,0,0.05021075307114892
MDH-5620-9766,2024-07-09 20:00:00+00:00,1,0.9551772798127934
MDH-5646-3909,2024-07-09 20:00:00+00:00,1,0.5838424381413267
MDH-5713-4483,2024-07-09 19:00:00+00:00,0,0.5536854885151963
MDH-5746-2740,2024-07-09 19:00:00+00:00,0,0.11919434023613307
MDH-5751-4330,2024-07-09 19:00:00+00:00,1,0.7451763345842876
MDH-5766-9339,2024-07-09 19:00:00+00:00,1,0.852466785735381
MDH-5768-6546,2024-07-09 22:00:00+00:00,0,0.022253717211768272
MDH-5784-6239,2024-07-09 22:00:00+00:00,0,0.1303251826385824
MDH-5800-0704,2024-07-09 19:00:00+00:00,1,0.6185954720972692
MDH-5816-7842,2024-07-09 22:00:00+00:00,0,0.014797296337884003
MDH-5821-9188,2024-07-09 19:00:00+00:00,0,0.49660001389655906
MDH-5835-0474,2024-07-09 19:00:00+00:00,1,0.5970163581081006
MDH-5842-1531,2024-07-09 19:00:00+00:00,1,0.6129669444336592
MDH-5851-0311,2024-07-09 20:00:00+00:00,0,0.79593393072962
MDH-5895-9736,2024-07-09 19:00:00+00:00,0,0.06130347679497189
MDH-5903-9845,2024-07-09 19:00:00+00:00,1,0.9568864870071702
MDH-5925-0007,2024-07-09 20:00:00+00:00,0,0.06763906976933318
MDH-5925-3728,2024-07-09 19:00:00+00:00,0,0.2525438163380531
MDH-5926-8382,2024-07-09 22:00:00+00:00,1,0.5739082185035571
MDH-5928-5324,2024-07-09 19:00:00+00:00,1,0.7275725741018961
MDH-5986-9307,2024-07-09 20:00:00+00:00,0,0.3166354775901826
MDH-5990-0068,2024-07-09 19:00:00+00:00,0,0.032246352010889746
MDH-5999-5118,2024-07-09 19:00:00+00:00,0,0.30839214843101714
MDH-6007-2271,2024-07-09 20:00:00+00:00,1,0.39505021048942224
MDH-6026-8778,2024-07-09 19:00:00+00:00,1,0.017331389373206454
MDH-6049-5686,2024-07-09 19:00:00+00:00,0,0.014650007998834029
MDH-6059-2267,2024-07-09 22:00:00+00:00,0,0.1339926337563872
MDH-6079-9063,2024-07-09 20:00:00+00:00,1,0.6048580405763069
MDH-6084-3102,2024-07-09 19:00:00+00:00,0,0.45254506089917734
MDH-6096-5505,2024-07-09 20:00:00+00:00,1,0.571482714089934
MDH-6127-7789,2024-07-09 19:00:00+00:00,0,0.06590801532737482
MDH-6142-2598,2024-07-09 19:00:00+00:00,0,0.6106969849809137
MDH-6151-1711,2024-07-09 19:00:00+00:00,0,0.34434995437452287
MDH-6153-4587,2024-07-09 19:00:00+00:00,0,0.5519295587839484
MDH-6168-0129,2024-07-09 22:00:00+00:00,0,0.7303792376377847
MDH-6174-6584,2024-07-09 19:00:00+00:00,0,0.05565471690973343
MDH-6201-2398,2024-07-09 22:00:00+00:00,1,0.6091858329079799
MDH-6214-3285,2024-07-09 22:00:00+00:00,1,0.7142549365657617
MDH-6219-6203,2024-07-09 20:00:00+00:00,0,0.3498467719593422
MDH-6223-1871,2024-07-09 21:00:00+00:00,1,0.665967108111069
MDH-6225-3835,2024-07-09 19:00:00+00:00,1,0.7739558494874155
MDH-6237-5300,2024-07-09 20:00:00+00:00,1,0.5922451996241259
MDH-6255-9588,2024-07-09 20:00:00+00:00,1,0.9720428160359417
MDH-6257-5898,2024-07-09 22:00:00+00:00,0,0.12410066693765215
MDH-6261-8074,2024-07-09 20:00:00+00:00,0,0.029404105896124248
MDH-6275-2645,2024-07-09 19:00:00+00:00,0,0.33810624387085125
MDH-6291-1554,2024-07-09 19:00:00+00:00,1,0.7966226706579431
MDH-6322-4000,2024-07-09 20:00:00+00:00,1,0.44528301657673447
MDH-6323-5803,2024-07-09 19:00:00+00:00,1,0.1263737370233996
MDH-6328-2306,2024-07-09 19:00:00+00:00,0,0.3383378697720113
MDH-6347-2652,2024-07-09 19:00:00+00:00,0,0.039851463741225446
MDH-6381-1851,2024-07-09 19:00:00+00:00,1,0.3978038590227486
MDH-6395-4732,2024-07-09 19:00:00+00:00,0,0.1333144155454949
MDH-6405-2936,2024-07-09 19:00:00+00:00,0,0.016043581345674126
MDH-6421-2885,2024-07-09 19:00:00+00:00,0,0.013633311461109923
MDH-6427-2676,2024-07-09 19:00:00+00:00,1,0.7872012205104932
MDH-6443-5112,2024-07-09 19:00:00+00:00,0,0.08248657775487311
MDH-6451-5693,2024-07-09 21:00:00+00:00,1,0.6634664270632058
MDH-6456-1866,2024-07-09 19:00:00+00:00,0,0.6275379871165563
MDH-6462-2539,2024-07-09 22:00:00+00:00,0,0.6071928466546198
MDH-6476-1365,2024-07-09 20:00:00+00:00,1,0.9784047349208099
MDH-6478-8532,2024-07-09 19:00:00+00:00,1,0.34130784542768877
MDH-6480-3647,2024-07-09 20:00:00+00:00,1,0.6829402000873095
MDH-6480-7130,2024-07-09 22:00:00+00:00,0,0.11635500632653945
MDH-6488-1601,2024-07-09 20:00:00+00:00,0,0.013450693714691061
MDH-6498-4573,2024-07-09 20:00:00+00:00,0,0.013965626154470103
MDH-6506-1537,2024-07-09 19:00:00+00:00,1,0.9560138105683724
MDH-6516-3454,2024-07-09 19:00:00+00:00,0,0.37413313781258184
MDH-6526-1597,2024-07-09 19:00:00+00:00,1,0.661858883258954
MDH-6540-8021,2024-07-09 19:00:00+00:00,0,0.015635983808023366
MDH-6547-8059,2024-07-09 19:00:00+00:00,0,0.01569300180611119
MDH-6560-3905,2024-07-09 19:00:00+00:00,0,0.01485405613337416
MDH-6564-9936,2024-07-09 22:00:00+00:00,0,0.020745026998827316
MDH-6588-8786,2024-07-09 22:00:00+00:00,0,0.5489098332844834
MDH-6589-0786,2024-07-09 19:00:00+00:00,1,0.6900363439670107
MDH-6615-1603,2024-07-09 19:00:00+00:00,0,0.3521615963498626
MDH-6633-3726,2024-07-09 19:00:00+00:00,0,0.5416545721856213
MDH-6633-5346,2024-07-09 19:00:00+00:00,0,0.047295419149286
MDH-6634-7022,2024-07-09 19:00:00+00:00,0,0.18853635119772083
MDH-6643-9548,2024-07-09 20:00:00+00:00,0,0.7635135651724541
MDH-6666-3223,2024-07-09 20:00:00+00:00,1,0.7469200921406067
MDH-6667-3709,2024-07-09 19:00:00+00:00,0,0.3434395329834769
MDH-6678-2559,2024-07-09 19:00:00+00:00,0,0.37039530816720156
MDH-6686-8466,2024-07-09 19:00:00+00:00,1,0.5929943880580999
MDH-6713-0670,2024-07-09 19:00:00+00:00,0,0.7988462377435159
MDH-6720-4588,2024-07-09 19:00:00+00:00,0,0.43861116964749003
MDH-6735-7339,2024-07-09 19:00:00+00:00,0,0.03617906881028027
MDH-6740-6939,2024-07-09 19:00:00+00:00,0,0.7104924037119186
MDH-6750-0538,2024-07-09 19:00:00+00:00,0,0.5890887429020277
MDH-6750-6391,2024-07-09 19:00:00+00:00,1,0.9811156038773327
MDH-6765-8644,2024-07-09 19:00:00+00:00,1,0.6716955250885718
MDH-6772-2604,2024-07-09 22:00:00+00:00,1,0.3559662180881683
MDH-6790-5673,2024-07-09 19:00:00+00:00,1,0.861915807110565
MDH-6795-8471,2024-07-09 19:00:00+00:00,1,0.8591043942470482
MDH-6797-7318,2024-07-09 19:00:00+00:00,1,0.5914497681590194
MDH-6827-5888,2024-07-09 19:00:00+00:00,1,0.6538386678155529
MDH-6835-0543,2024-07-09 20:00:00+00:00,1,0.6792484337217155
MDH-6846-9631,2024-07-09 19:00:00+00:00,0,0.03318645057214409
MDH-6847-0642,2024-07-09 20:00:00+00:00,1,0.5780067574735773
MDH-6850-2830,2024-07-09 19:00:00+00:00,1,0.18124218089629573
MDH-6855-3073,2024-07-09 19:00:00+00:00,1,0.6763188499101085
MDH-6855-7625,2024-07-09 20:00:00+00:00,1,0.9719682638315299
MDH-6877-1247,2024-07-09 19:00:00+00:00,1,0.39263478356985587
MDH-6886-8982,2024-07-09 20:00:00+00:00,0,0.08862654502592088
MDH-6887-5227,2024-07-09 19:00:00+00:00,0,0.4936014730128911
MDH-6888-1805,2024-07-09 19:00:00+00:00,0,0.560937323201074
MDH-6902-5621,2024-07-09 19:00:00+00:00,0,0.11230302425180028
MDH-6911-3845,2024-07-09 21:00:00+00:00,1,0.4592171928006392
MDH-6934-6646,2024-07-09 19:00:00+00:00,0,0.789630658694809
MDH-6942-5330,2024-07-09 22:00:00+00:00,0,0.48850227345032277
MDH-6985-1708,2024-07-09 20:00:00+00:00,1,0.7028365175896157
MDH-6988-0512,2024-07-09 19:00:00+00:00,1,0.8870129632130641
MDH-6996-4275,2024-07-09 19:00:00+00:00,0,0.0232099347220278
MDH-7006-7087,2024-07-09 22:00:00+00:00,1,0.5452006923776878
MDH-7042-1297,2024-07-09 20:00:00+00:00,0,0.4675205578848635
MDH-7063-6375,2024-07-09 19:00:00+00:00,0,0.013739601139278046
MDH-7063-6582,2024-07-09 22:00:00+00:00,1,0.5361159218013941
MDH-7075-9602,2024-07-09 20:00:00+00:00,1,0.48500333020862674
MDH-7107-0765,2024-07-09 22:00:00+00:00,0,0.5694795200282285
MDH-7147-2639,2024-07-09 19:00:00+00:00,0,0.4005839512026225
MDH-7157-0621,2024-07-09 22:00:00+00:00,1,0.8269765194375902
MDH-7161-3953,2024-07-09 19:00:00+00:00,1,0.7432621603957141
MDH-7167-0417,2024-07-09 19:00:00+00:00,0,0.05506369541746876
MDH-7167-3482,2024-07-09 21:00:00+00:00,1,0.7549795577540406
MDH-7168-4440,2024-07-09 19:00:00+00:00,0,0.02569887756115654
MDH-7186-8212,2024-07-09 22:00:00+00:00,1,0.3369956935156604
MDH-7189-5770,2024-07-09 20:00:00+00:00,0,0.4025682563218456
MDH-7222-4482,2024-07-09 19:00:00+00:00,0,0.6588768545021736
MDH-7222-8542,2024-07-09 20:00:00+00:00,0,0.0346701968822994
MDH-7241-6757,2024-07-09 20:00:00+00:00,0,0.48184189331030325
MDH-7255-7460,2024-07-09 19:00:00+00:00,0,0.05803463687379737
MDH-7262-6724,2024-07-09 22:00:00+00:00,1,0.6171801050137068
MDH-7278-3286,2024-07-09 19:00:00+00:00,1,0.9056800175309099
MDH-7297-1793,2024-07-09 22:00:00+00:00,1,0.5533496468061148
MDH-7303-0285,2024-07-09 19:00:00+00:00,1,0.3386050920734043
MDH-7306-0414,2024-07-09 19:00:00+00:00,1,0.46910434532788897
MDH-7306-1792,2024-07-09 21:00:00+00:00,0,0.6716276598342636
MDH-7321-7619,2024-07-09 19:00:00+00:00,1,0.9744569775093315
MDH-7349-5461,2024-07-09 21:00:00+00:00,1,0.7652340602619236
MDH-7352-5504,2024-07-09 20:00:00+00:00,1,0.7430859145003796
MDH-7367-8324,2024-07-09 19:00:00+00:00,1,0.44532644995367326
MDH-7374-1309,2024-07-09 19:00:00+00:00,0,0.5969138927085387
MDH-7397-2025,2024-07-09 20:00:00+00:00,0,0.01354090503737628
MDH-7398-1994,2024-07-09 19:00:00+00:00,1,0.5644271665636192
MDH-7415-8226,2024-07-09 20:00:00+00:00,0,0.35272244843063494
MDH-7422-6373,2024-07-09 19:00:00+00:00,1,0.6938940389342925
MDH-7466-4044,2024-07-09 08:00:00+00:00,1,0.9623391446263613
MDH-7503-5606,2024-07-09 19:00:00+00:00,0,0.6803651579705546
MDH-7517-4216,2024-07-09 19:00:00+00:00,1,0.47405022908908073
MDH-7526-8427,2024-07-09 20:00:00+00:00,0,0.13767722671620225
MDH-7546-5829,2024-07-09 19:00:00+00:00,0,0.015783821421886664
MDH-7569-5522,2024-07-09 19:00:00+00:00,0,0.06188476064455236
MDH-7572-3920,2024-07-09 22:00:00+00:00,0,0.33518245947775216
MDH-7576-9909,2024-07-09 19:00:00+00:00,0,0.030081061403487614
MDH-7585-8480,2024-07-09 19:00:00+00:00,1,0.13691693699772756
MDH-7591-1501,2024-07-09 19:00:00+00:00,0,0.3947586904350634
MDH-7604-1431,2024-07-09 20:00:00+00:00,0,0.3453192450743806
MDH-7606-7434,2024-07-09 19:00:00+00:00,0,0.3780900383187009
MDH-7621-2307,2024-07-09 20:00:00+00:00,0,0.6592443317961659
MDH-7621-7664,2024-07-09 19:00:00+00:00,0,0.35993369272354947
MDH-7634-5177,2024-07-09 20:00:00+00:00,1,0.6587842804505555
MDH-7638-8626,2024-07-09 19:00:00+00:00,0,0.8154057153449515
MDH-7643-2049,2024-07-09 19:00:00+00:00,0,0.06765948108643101
MDH-7647-2780,2024-07-09 19:00:00+00:00,1,0.6678650757127584
MDH-7673-7833,2024-07-09 20:00:00+00:00,0,0.31045251479507324
MDH-7700-9963,2024-07-09 19:00:00+00:00,1,0.3428959243451871
MDH-7703-0412,2024-07-09 22:00:00+00:00,1,0.6898586193455143
MDH-7709-3629,2024-07-09 19:00:00+00:00,1,0.9404565675896553
MDH-7718-4885,2024-07-09 19:00:00+00:00,1,0.7010994593483044
MDH-7744-2939,2024-07-09 19:00:00+00:00,1,0.6612902851543726
MDH-7749-6721,2024-07-09 19:00:00+00:00,0,0.022805755235336053
MDH-7760-1477,2024-07-09 19:00:00+00:00,0,0.01671126890408843
MDH-7760-3910,2024-07-09 19:00:00+00:00,1,0.7339841196926253
MDH-7787-2024,2024-07-09 19:00:00+00:00,1,0.35899961470576003
MDH-7824-1784,2024-07-09 20:00:00+00:00,0,0.040281810066856286
MDH-7836-7854,2024-07-09 19:00:00+00:00,1,0.6708700992294047
MDH-7855-2934,2024-07-09 19:00:00+00:00,1,0.8623894123998506
MDH-7880-0872,2024-07-09 20:00:00+00:00,1,0.7159437098121351
MDH-7903-4049,2024-07-09 19:00:00+00:00,0,0.07278244385105093
MDH-7918-5308,2024-07-09 19:00:00+00:00,1,0.9208942875899411
MDH-7952-0659,2024-07-09 19:00:00+00:00,0,0.2701793101412132
MDH-7960-3351,2024-07-09 19:00:00+00:00,1,0.8568378825839127
MDH-7967-4411,2024-07-09 19:00:00+00:00,1,0.8050060290383774
MDH-7999-5094,2024-07-09 19:00:00+00:00,0,0.5042468563509868
MDH-8004-6433,2024-07-09 19:00:00+00:00,0,0.5277178758180712
MDH-8008-6778,2024-07-09 19:00:00+00:00,1,0.6836079652395837
MDH-8022-0539,2024-07-09 19:00:00+00:00,1,0.9118754551499291
MDH-8023-1318,2024-07-09 20:00:00+00:00,1,0.5281411371077572
MDH-8038-6951,2024-07-09 20:00:00+00:00,0,0.036726924499053876
MDH-8040-1933,2024-07-09 21:00:00+00:00,0,0.5479407076024355
MDH-8040-9466,2024-07-09 20:00:00+00:00,1,0.851065751894206
MDH-8044-0801,2024-07-09 14:00:00+00:00,1,0.5958062321659308
MDH-8057-7340,2024-07-09 19:00:00+00:00,0,0.41613861789690726
MDH-8058-4912,2024-07-09 20:00:00+00:00,1,0.42562761446659064
MDH-8080-4238,2024-07-09 21:00:00+00:00,1,0.816656795863446
MDH-8095-0007,2024-07-09 20:00:00+00:00,0,0.5511120506739152
MDH-8099-1428,2024-07-09 19:00:00+00:00,1,0.5944502064294795
MDH-8129-0903,2024-07-09 19:00:00+00:00,1,0.9777028539269355
MDH-8135-7409,2024-07-09 20:00:00+00:00,0,0.014620727300701313
MDH-8142-6336,2024-07-09 19:00:00+00:00,0,0.7637534288099171
MDH-8146-2309,2024-07-09 19:00:00+00:00,0,0.355562553959973
MDH-8149-8650,2024-07-09 19:00:00+00:00,1,0.5195332380061523
MDH-8152-5838,2024-07-09 19:00:00+00:00,0,0.03938077342774948
MDH-8162-0580,2024-07-09 19:00:00+00:00,1,0.4050705086126636
MDH-8181-3277,2024-07-09 19:00:00+00:00,1,0.47156857389359813
MDH-8185-7118,2024-07-09 19:00:00+00:00,1,0.5759606876577492
MDH-8192-4720,2024-07-09 22:00:00+00:00,0,0.585384714184763
MDH-8216-5550,2024-07-09 20:00:00+00:00,1,0.6417187777873713
MDH-8225-4909,2024-07-09 19:00:00+00:00,1,0.5213264709799577
MDH-8264-6165,2024-07-09 20:00:00+00:00,0,0.4168892435360028
MDH-8272-5034,2024-07-09 19:00:00+00:00,0,0.02347861695054469
MDH-8287-1851,2024-07-09 19:00:00+00:00,0,0.02093876912269575
MDH-8291-2508,2024-07-09 20:00:00+00:00,1,0.8967478933037845
MDH-8312-4382,2024-07-09 19:00:00+00:00,1,0.640742624043014
MDH-8317-0129,2024-07-09 19:00:00+00:00,0,0.16931752550418588
MDH-8351-4639,2024-07-09 20:00:00+00:00,1,0.49586962585162114
MDH-8353-7667,2024-07-09 19:00:00+00:00,1,0.8457396232289558
MDH-8377-1339,2024-07-09 22:00:00+00:00,0,0.798107182722056
MDH-8386-3627,2024-07-09 22:00:00+00:00,1,0.6918678940062852
MDH-8389-6807,2024-07-09 19:00:00+00:00,1,0.9600592672989389
MDH-8398-8895,2024-07-09 19:00:00+00:00,1,0.9562782107916381
MDH-8414-3200,2024-07-09 19:00:00+00:00,0,0.5340480932286579
MDH-8446-7533,2024-07-09 20:00:00+00:00,1,0.6957465629211852
MDH-8463-4132,2024-07-09 22:00:00+00:00,0,0.2873975322894976
MDH-8465-2545,2024-07-09 19:00:00+00:00,0,0.49363683079193216
MDH-8468-9163,2024-07-09 22:00:00+00:00,1,0.5480226019917895
MDH-8489-2710,2024-07-09 20:00:00+00:00,1,0.5051211466237258
MDH-8504-0213,2024-07-09 19:00:00+00:00,0,0.3717187595347555
MDH-8520-7743,2024-07-09 20:00:00+00:00,1,0.6761200335810946
MDH-8542-5179,2024-07-09 20:00:00+00:00,0,0.42323404337117665
MDH-8554-4606,2024-07-09 20:00:00+00:00,0,0.03494820667795509
MDH-8560-4210,2024-07-09 20:00:00+00:00,0,0.5156933943968081
MDH-8571-8089,2024-07-09 19:00:00+00:00,1,0.9740795468233038
MDH-8571-8252,2024-07-09 20:00:00+00:00,1,0.34114370261686155
MDH-8579-5278,2024-07-09 19:00:00+00:00,1,0.6419871003939585
MDH-8585-0546,2024-07-09 19:00:00+00:00,0,0.08610959098558513
MDH-8600-7739,2024-07-09 19:00:00+00:00,0,0.35019515260498113
MDH-8635-9193,2024-07-09 20:00:00+00:00,0,0.5121751652599148
MDH-8637-4292,2024-07-09 22:00:00+00:00,0,0.1645855649267297
MDH-8660-7491,2024-07-09 19:00:00+00:00,1,0.27273333857797555
MDH-8672-2859,2024-07-09 22:00:00+00:00,1,0.6676930466180533
MDH-8674-3318,2024-07-09 19:00:00+00:00,1,0.6708234878554883
MDH-8709-0559,2024-07-09 19:00:00+00:00,1,0.6085625170041988
MDH-8713-1160,2024-07-09 20:00:00+00:00,1,0.4927002690464315
MDH-8724-0375,2024-07-09 22:00:00+00:00,1,0.43439956681129277
MDH-8744-7485,2024-07-09 19:00:00+00:00,1,0.7279636372489978
MDH-8756-3105,2024-07-09 19:00:00+00:00,1,0.3481294948011955
MDH-8772-6905,2024-07-09 19:00:00+00:00,0,0.38961010215908587
MDH-8785-7112,2024-07-09 20:00:00+00:00,0,0.05962232606560547
MDH-8817-6214,2024-07-09 20:00:00+00:00,1,0.3356232044819416
MDH-8818-1869,2024-07-09 20:00:00+00:00,1,0.6502226924055604
MDH-8824-3503,2024-07-09 22:00:00+00:00,1,0.0417890030053245
MDH-8824-7561,2024-07-09 19:00:00+00:00,0,0.183896514410617
MDH-8857-9513,2024-07-09 19:00:00+00:00,0,0.3749539078790308
MDH-8864-9080,2024-07-09 19:00:00+00:00,0,0.6729482390524957
MDH-8868-0840,2024-07-09 19:00:00+00:00,1,0.8345985858212371
MDH-8877-8028,2024-07-09 22:00:00+00:00,0,0.7713108802975429
MDH-8886-7949,2024-07-09 20:00:00+00:00,0,0.22539705164744517
MDH-8888-2951,2024-07-09 19:00:00+00:00,0,0.4225504543006262
MDH-8890-2413,2024-07-09 20:00:00+00:00,0,0.03240265014576286
MDH-8891-5074,2024-07-09 19:00:00+00:00,0,0.029246670102089343
MDH-8905-2207,2024-07-09 19:00:00+00:00,1,0.6257265508754463
MDH-8905-6862,2024-07-09 20:00:00+00:00,1,0.9285225203932279
MDH-8911-7280,2024-07-09 19:00:00+00:00,1,0.9313058214466274
MDH-8918-7078,2024-07-09 19:00:00+00:00,0,0.5080246665103114
MDH-8928-4299,2024-07-09 22:00:00+00:00,1,0.952695755914916
MDH-8930-9454,2024-07-09 20:00:00+00:00,1,0.563983360801789
MDH-8958-2407,2024-07-09 19:00:00+00:00,1,0.6905757193192341
MDH-8971-3313,2024-07-09 19:00:00+00:00,0,0.012658396477519917
MDH-8980-2859,2024-07-09 19:00:00+00:00,1,0.9700271110357178
MDH-8984-1342,2024-07-09 19:00:00+00:00,0,0.43640955564352046
MDH-8990-9817,2024-07-09 19:00:00+00:00,1,0.6508363814671589
MDH-8991-0240,2024-07-09 22:00:00+00:00,1,0.5838618535703067
MDH-8993-2351,2024-07-09 19:00:00+00:00,1,0.47689175617818097
MDH-8993-4527,2024-07-09 19:00:00+00:00,0,0.10122267012955793
MDH-8995-4774,2024-07-09 19:00:00+00:00,1,0.6159833716579601
MDH-8997-2189,2024-07-09 19:00:00+00:00,0,0.7663061133222434
MDH-9000-8176,2024-07-09 19:00:00+00:00,1,0.6355125883940304
MDH-9015-2888,2024-07-09 20:00:00+00:00,1,0.6189269925795352
MDH-9017-6173,2024-07-09 19:00:00+00:00,0,0.01556602137059136
MDH-9035-8912,2024-07-09 19:00:00+00:00,1,0.7807793392382509
MDH-9046-5206,2024-07-09 19:00:00+00:00,1,0.9296537072480331
MDH-9060-8258,2024-07-09 20:00:00+00:00,0,0.013776276231451468
MDH-9079-7279,2024-07-09 20:00:00+00:00,1,0.5619395246084568
MDH-9085-2987,2024-07-09 20:00:00+00:00,0,0.018376416304954853
MDH-9092-9853,2024-07-09 19:00:00+00:00,1,0.9578337973506112
MDH-9147-6991,2024-07-09 19:00:00+00:00,1,0.9767074989805592
MDH-9154-3408,2024-07-09 19:00:00+00:00,0,0.3932520359427477
MDH-9154-5489,2024-07-09 22:00:00+00:00,1,0.801905141648066
MDH-9171-4742,2024-07-09 20:00:00+00:00,1,0.7606720036574186
MDH-9174-1609,2024-07-09 19:00:00+00:00,0,0.16936116540371254
MDH-9181-4714,2024-07-09 20:00:00+00:00,0,0.014727943774374136
MDH-9182-7836,2024-07-09 19:00:00+00:00,0,0.02191352104132673
MDH-9184-0460,2024-07-09 19:00:00+00:00,1,0.39490890943251666
MDH-9184-2800,2024-07-09 19:00:00+00:00,0,0.020795347869292786
MDH-9195-8471,2024-07-09 20:00:00+00:00,0,0.3774844856200368
MDH-9215-8355,2024-07-09 19:00:00+00:00,1,0.5477572777779787
MDH-9226-6209,2024-07-09 19:00:00+00:00,1,0.7425080515255196
MDH-9231-7524,2024-07-09 19:00:00+00:00,1,0.842966501103596
MDH-9254-3674,2024-07-09 20:00:00+00:00,0,0.34413374735751256
MDH-9259-4460,2024-07-09 20:00:00+00:00,1,0.5807741398439537
MDH-9269-9539,2024-07-09 19:00:00+00:00,0,0.08187973259799752
MDH-9281-4081,2024-07-09 19:00:00+00:00,1,0.9876338472105033
MDH-9285-3096,2024-07-09 20:00:00+00:00,1,0.7529007892747638
MDH-9287-2494,2024-07-09 19:00:00+00:00,0,0.3174668639055962
MDH-9288-4163,2024-07-09 20:00:00+00:00,0,0.01291798748942757
MDH-9301-0134,2024-07-09 19:00:00+00:00,0,0.021639129425696697
MDH-9318-3268,2024-07-09 19:00:00+00:00,0,0.28960808918453174
MDH-9319-6908,2024-07-09 20:00:00+00:00,0,0.420459922193151
MDH-9333-1762,2024-07-09 22:00:00+00:00,0,0.018562057635251563
MDH-9336-4901,2024-07-09 19:00:00+00:00,1,0.7033069461949458
MDH-9343-3523,2024-07-09 19:00:00+00:00,1,0.6766341815208893
MDH-9351-2686,2024-07-09 19:00:00+00:00,0,0.2452925643483459
MDH-9366-7621,2024-07-09 19:00:00+00:00,1,0.051901359289705545
MDH-9368-6011,2024-07-09 21:00:00+00:00,1,0.6447937843719618
MDH-9370-1035,2024-07-09 19:00:00+00:00,0,0.02134352680206621
MDH-9390-6851,2024-07-09 20:00:00+00:00,0,0.0788214423569269
MDH-9405-6069,2024-07-09 20:00:00+00:00,0,0.3427326908015358
MDH-9426-0707,2024-07-09 20:00:00+00:00,1,0.9505467234612086
MDH-9433-7874,2024-07-09 20:00:00+00:00,0,0.19087981026623002
MDH-9447-7000,2024-07-09 19:00:00+00:00,1,0.9020435995411442
MDH-9447-9818,2024-07-09 20:00:00+00:00,1,0.568039050491697
MDH-9452-1344,2024-07-09 19:00:00+00:00,0,0.5376511947228401
MDH-9459-4393,2024-07-09 19:00:00+00:00,0,0.804548803293931
MDH-9476-4393,2024-07-09 19:00:00+00:00,1,0.9002180034325467
MDH-9517-5312,2024-07-09 20:00:00+00:00,0,0.025600252709072242
MDH-9530-3686,2024-07-09 19:00:00+00:00,1,0.3534620806821992
MDH-9532-9730,2024-07-09 20:00:00+00:00,1,0.8275778843782404
MDH-9538-3471,2024-07-09 19:00:00+00:00,0,0.018255756138454086
MDH-9541-5416,2024-07-09 20:00:00+00:00,1,0.8150655351861029
MDH-9574-1925,2024-07-09 19:00:00+00:00,1,0.8349622555516896
MDH-9576-8965,2024-07-09 19:00:00+00:00,1,0.5269348091809625
MDH-9591-2988,2024-07-09 19:00:00+00:00,0,0.023164365543021915
MDH-9592-1737,2024-07-09 22:00:00+00:00,1,0.61041749102463
MDH-9600-8273,2024-07-09 19:00:00+00:00,1,0.6859439565556894
MDH-9603-2565,2024-07-09 19:00:00+00:00,1,0.6448737525725159
MDH-9618-4357,2024-07-09 19:00:00+00:00,1,0.5423814369512616
MDH-9620-8324,2024-07-09 20:00:00+00:00,0,0.02243822926917741
MDH-9622-6538,2024-07-09 22:00:00+00:00,1,0.5320992284522174
MDH-9623-7371,2024-07-09 19:00:00+00:00,1,0.8638622668881247
MDH-9629-2082,2024-07-09 19:00:00+00:00,1,0.8081359350356332
MDH-9633-5243,2024-07-09 19:00:00+00:00,0,0.2950531342194015
MDH-9641-3093,2024-07-09 19:00:00+00:00,0,0.3997720526734284
MDH-9645-4886,2024-07-09 19:00:00+00:00,0,0.626777497874428
MDH-9667-7438,2024-07-09 20:00:00+00:00,1,0.52086366382625
MDH-9683-1573,2024-07-09 19:00:00+00:00,0,0.4251755995083887
MDH-9688-7736,2024-07-09 20:00:00+00:00,0,0.3553334592053816
MDH-9711-3047,2024-07-09 19:00:00+00:00,0,0.02209240915610126
MDH-9715-1029,2024-07-09 19:00:00+00:00,1,0.9257053116901462
MDH-9732-4738,2024-07-09 19:00:00+00:00,0,0.48022161236677713
MDH-9744-6804,2024-07-09 20:00:00+00:00,0,0.43178300502626865
MDH-9751-2818,2024-07-09 19:00:00+00:00,0,0.2283633674700642
MDH-9798-5468,2024-07-09 22:00:00+00:00,1,0.9748639940168979
MDH-9800-6391,2024-07-09 19:00:00+00:00,0,0.7636700465520772
MDH-9814-4041,2024-07-09 19:00:00+00:00,1,0.5243982583930338
MDH-9826-8071,2024-07-09 19:00:00+00:00,1,0.678817340965058
MDH-9836-2942,2024-07-09 19:00:00+00:00,1,0.5106415887678999
MDH-9848-2594,2024-07-09 19:00:00+00:00,0,0.02457199949633826
MDH-9860-7086,2024-07-09 19:00:00+00:00,0,0.6400129494178598
MDH-9861-9990,2024-07-09 20:00:00+00:00,1,0.35025075037543574
MDH-9862-7471,2024-07-09 19:00:00+00:00,1,0.5375739891959495
MDH-9866-2341,2024-07-09 19:00:00+00:00,0,0.6849031415384944
MDH-9870-4404,2024-07-09 20:00:00+00:00,1,0.4741555435367211
MDH-9880-4078,2024-07-09 22:00:00+00:00,1,0.8669595316916473
MDH-9892-6547,2024-07-09 19:00:00+00:00,0,0.3928018361299715
MDH-9938-4483,2024-07-09 20:00:00+00:00,0,0.5527816116288495
MDH-9941-5448,2024-07-09 19:00:00+00:00,0,0.65219088580036
MDH-9954-7688,2024-07-09 20:00:00+00:00,0,0.51971611759677
MDH-9961-1280,2024-07-09 19:00:00+00:00,0,0.39455158797675
MDH-9980-5640,2024-07-09 19:00:00+00:00,0,0.034456353687628526
MDH-9990-9401,2024-07-09 19:00:00+00:00,0,0.024780460421885815
MDH-9994-4557,2024-07-09 20:00:00+00:00,1,0.7982215439019931
